<?xml version="1.0" ?>
<root>
	<Game id="946aa50c-d3e6-432b-8e0e-f00798f16220">
	   <SIZE>25498</SIZE>
	   <VERSION>1.0.0.3</VERSION>
	   <TYPE>PYTHON</TYPE>
	   <SKUTYPE>FULL</SKUTYPE>
	   <EXE>minetools.py</EXE>
	   <NAME>Michelle's Minetools</NAME>
	   <SAFENAME>minetools</SAFENAME>
	   <RUNSINTERMINAL>false</RUNSINTERMINAL>
	   <SOURCE></SOURCE>
	   <INSTALLERSCRIPT></INSTALLERSCRIPT>
	   <UNINSTALLERSCRIPT></UNINSTALLERSCRIPT>
	   <Services>
	   
	   </Services>
	</Game>
</root>